'Page Number,'Type,'Text,'Confidence Score % (Line),
"'1","'LINE","'NOTE: THIS PLAN REPRESENTS AN UNIQUE MODEL SINCE IT IS NOT POSSIBLE","'95.42177582"
"'1","'LINE","'TO ENSURE THE SUCCESS OF OTHER VERSIONS, THE DESIGNER WILL","'96.74603271"
"'1","'LINE","'NOT BE HELD RESPONSIBLE FOR ANY DAMAGES RELATED TO THIS","'98.72520447"
"'1","'LINE","'3/16 3/8 LE","'92.77044678"
"'1","'LINE","'DESIGN PLEASE EXERCISE DUE CARE AS YOU PROCEED.","'92.02048492"
"'1","'LINE","'R1","'99.72496796"
"'1","'LINE","'R1","'99.77458954"
"'1","'LINE","'R1","'99.71520233"
"'1","'LINE","'R2","'99.80388641"
"'1","'LINE","'R2","'99.87304688"
"'1","'LINE","'1/8 SQ SPARS","'99.18029022"
"'1","'LINE","'THE PROTOTYPE WAS FLOWN WITH THE FOLLOWING","'99.76098633"
"'1","'LINE","'R3","'99.76403046"
"'1","'LINE","'HITEC RADIO GEAR OPTIC 6 TRANSMITTER","'86.86962128"
"'1","'LINE","'FRAME SERVO","'99.69447327"
"'1","'LINE","'ELECTRON6 RECEIVER, AND FOUR HS-50 SERVOS.","'92.72869110"
"'1","'LINE","'ACCESS WITH 1/8 SQ","'99.50155640"
"'1","'LINE","'[","'75.76760101"
"'1","'LINE","'1/16","'99.97070313"
"'1","'LINE","'HS-50","'94.14959717"
"'1","'LINE","'1/32 SHEAR","'99.48202515"
"'1","'LINE","'SERVO","'99.69168091"
"'1","'LINE","'WEBS, VERTICAL","'99.12916565"
"'1","'LINE","'1/16 X 1/8 CAP","'93.22631073"
"'1","'LINE","'PLATE","'99.97070313"
"'1","'LINE","'GRAIN","'99.93083954"
"'1","'LINE","'STRIPS BUTTED","'98.47536469"
"'1","'LINE","'TO ROOT RIBS","'98.82135010"
"'1","'LINE","'1/8 3/8 TE","'94.00662994"
"'1","'LINE","'SLOT TABS INTO","'99.11299133"
"'1","'LINE","'FUSELAGE SIDES","'99.77907562"
"'1","'LINE","'LAMINATE CURVED","'99.69776154"
"'1","'LINE","'OUTLINES FOR WINGS","'98.68708801"
"'1","'LINE","'AND TAIL SURFACES","'98.83032227"
"'1","'LINE","'FROM 1/16 X 1/8 STRIPS","'96.66908264"
"'1","'LINE","'F12","'99.25781250"
"'1","'LINE","'RACING NUMBER ALSO ON","'99.22263336"
"'1","'LINE","'1/16 SHEET","'99.00390625"
"'1","'LINE","'F11","'98.75896454"
"'1","'LINE","'RECOMMENDED CONTROL THROWS","'99.77545929"
"'1","'LINE","'LOWER SURFACE OF RIGHT","'99.84579468"
"'1","'LINE","'2° RIGHT THRUST,","'85.27098083"
"'1","'LINE","'AILERONS: +/- 1/2 INCH","'97.87941742"
"'1","'LINE","'WING","'99.88201141"
"'1","'LINE","'FUSE SHOWN","'99.84783173"
"'1","'LINE","'ELEVATOR: +/- 5/8 INCH","'96.56987000"
"'1","'LINE","'F10 EQUIPMENT","'97.64528656"
"'1","'LINE","'UPSIDE DOWN","'99.79452515"
"'1","'LINE","'RUDDER: +/- INCH","'96.12743378"
"'1","'LINE","'TRAY 1/16 SHEET","'98.53137207"
"'1","'LINE","'F10A/B","'97.46910858"
"'1","'LINE","'CROSS GRAIN","'99.67375183"
"'1","'LINE","'1/8 X 3/32 STRINGERS.","'88.47833252"
"'1","'LINE","'FROM F4 F6","'95.24739075"
"'1","'LINE","'NOT SHOWN FOR CLARITY","'99.85311890"
"'1","'LINE","'LANDING GEAR DETAILS","'99.92811584"
"'1","'LINE","'B","'75.20846558"
"'1","'LINE","'0","'39.44226074"
"'1","'LINE","'BATTERY","'99.71520233"
"'1","'LINE","'090 CARBON FIBER LANDING GEAR","'99.68638611"
"'1","'LINE","'PUSHRODS ARE .060","'87.68328857"
"'1","'LINE","'LOCATE BATTERY","'99.62362671"
"'1","'LINE","'STRUTS, 6.75 INCHES ACTUAL LENGTH.","'91.68658447"
"'1","'LINE","'CF ROD WITH WIRE","'99.40943146"
"'1","'LINE","'060 CARBON FIBER","'87.04759216"
"'1","'LINE","'AND RECEIVER","'99.90114594"
"'1","'LINE","'F9","'99.36523438"
"'1","'LINE","'SANDWICH WITH 1/16 BALSA AND SHAPE","'99.72154236"
"'1","'LINE","'ZBENDS ON ENDS","'99.30584717"
"'1","'LINE","'ELEVATOR JOINER","'99.33554077"
"'1","'LINE","'WITH VELCRO FOR","'98.60192108"
"'1","'LINE","'F8","'99.33593750"
"'1","'LINE","'PROPER BALANCE","'99.61345673"
"'1","'LINE","'F1","'98.11443329"
"'1","'LINE","'SECTION VIEW AT AILERON SERVO","'99.48098755"
"'1","'LINE","'F2","'99.25701904"
"'1","'LINE","'F7","'95.77068329"
"'1","'LINE","'F3","'99.06170654"
"'1","'LINE","'F4A","'99.58007813"
"'1","'LINE","'1/16 1/8 LONGERON","'97.75962067"
"'1","'LINE","'F6A","'99.77539063"
"'1","'LINE","'1/32 PLY HORNS. NOTCH INTO","'95.89843750"
"'1","'LINE","'F5A","'99.92187500"
"'1","'LINE","'ROOT RIB CAP STRIPS","'98.81676483"
"'1","'LINE","'ALL RIBS 1/16 SHEET","'98.12948608"
"'1","'LINE","'AILERON SPARAS SHOWN","'86.89659119"
"'1","'LINE","'1/8 SHEET TYP.","'98.06819916"
"'1","'LINE","'WHEEL PANTS","'99.44176483"
"'1","'LINE","'50","'52.85156250"
"'1","'LINE","'R1","'99.69567108"
"'1","'LINE","'R2","'99.83238983"
"'1","'LINE","'R3","'99.88121796"
"'1","'LINE","'LAMINATED 1/16 & 1/4","'99.08327484"
"'1","'LINE","'BALSA WITH 1/32 PLY","'97.14604950"
"'1","'LINE","'WRAP SERVO WITH TAPE OR","'99.29205322"
"'1","'LINE","'AXLE SUPPORT PLATES","'99.87550354"
"'1","'LINE","'HEATSHRINK AND GLUE IN PLACE","'99.65999603"
"'1","'LINE","'ASSEMBLE FORMERS FROM 1/16 SHEET","'99.58287048"
"'1","'LINE","'1/8 SQ TYP.","'87.37835693"
"'1","'LINE","'025 WIRE PUSHRODS","'95.14409637"
"'1","'LINE","'SHEETING TO AID COVERING","'99.79721069"
"'1","'LINE","'(HORIZ. GRAIN) AND 1/16 X 1/8 UPRIGHTS","'96.61949921"
"'1","'LINE","'1/8 3/16","'92.17285156"
"'1","'LINE","'F1B","'99.29448700"
"'1","'LINE","'O","'78.91870880"
"'1","'LINE","'O","'82.70029449"
"'1","'LINE","'F5A","'99.79332733"
"'1","'LINE","'O","'89.04017639"
"'1","'LINE","'O","'88.53555298"
"'1","'LINE","'F4A","'99.81285858"
"'1","'LINE","'F7","'99.76483154"
"'1","'LINE","'F8","'99.50035858"
"'1","'LINE","'F9","'99.56871796"
"'1","'LINE","'F1A","'99.69726563"
"'1","'LINE","'F1A","'99.88281250"
"'1","'LINE","'F1B & C","'43.57322311"
"'1","'LINE","'F2","'99.79492188"
"'1","'LINE","'F3","'99.79492188"
"'1","'LINE","'F5B","'99.73473358"
"'1","'LINE","'F6A","'99.95117188"
"'1","'LINE","'1/32 PLY CONTROL","'99.39619446"
"'1","'LINE","'F1C","'99.60937500"
"'1","'LINE","'HORNS, REQ.","'84.86915588"
"'1","'LINE","'LAMINATE F1 FROM F1A & F1C (1/32 PLY FACES)","'96.38452148"
"'1","'LINE","'1/32 PLY ADD BEHIND STRUTS AFTER","'99.28362274"
"'1","'LINE","'F12","'99.21875000"
"'1","'LINE","'AND F IB (1/16 BALSA CORE). BEVEL BALSA CORE","'92.46405792"
"'1","'LINE","'INSTALLING LANDING GEAR","'99.55271149"
"'1","'LINE","'TO MATCH FACES (LEFT). GLUE NYLON PUSHROD","'97.87066650"
"'1","'LINE","'F6B","'99.45072937"
"'1","'LINE","'TUBING INTO MOTOR MOUNTING HOLES AS NYLON","'99.13105774"
"'1","'LINE","'FUSELAGE","'99.56791687"
"'1","'LINE","'INSERTS FOR 2-56 SOCKET HEAD CAP SCREWS.","'98.18885803"
"'1","'LINE","'STRINGER","'99.88201141"
"'1","'LINE","'F11","'99.59801483"
"'1","'LINE","'SHEETING TO ANCHOR","'99.78980255"
"'1","'LINE","'F4B","'99.33434296"
"'1","'LINE","'CARVE HEADREST FROM LIGHT","'99.78720093"
"'1","'LINE","'GEAR STRUTS","'99.12239075"
"'1","'LINE","'BLOCK, HOLLOW AS SHOWN.","'96.78771210"
"'1","'LINE","'PROTOTYPE FLOWN WITH","'99.33215332"
"'1","'LINE","'LANDING GEAR","'99.70134735"
"'1","'LINE","'AXI 2204/54 BRUSHLESS OUTRUNNER","'98.99707794"
"'1","'LINE","'NOTCH FUSE SIDES","'99.25402069"
"'1","'LINE","'ANCHOR PLATES","'99.74569702"
"'1","'LINE","'APC 8X3.8 SLOW FLYER PROP","'97.62492371"
"'1","'LINE","'FOR X-BRACING","'97.83731079"
"'1","'LINE","'F10A","'99.69647217"
"'1","'LINE","'F10B","'97.76207733"
"'1","'LINE","'KOKAM2 340 MAH LI-POLY BATTERY","'87.08657837"
"'1","'LINE","'RIGHT","'99.80388641"
"'1","'LINE","'1/16 SHEET","'99.64764404"
"'1","'LINE","'1/8 3/32 STRINGERS,","'93.97208405"
"'1","'LINE","'LEFT","'99.69328308"
"'1","'LINE","'COCKPIT","'98.45683289"
"'1","'LINE","'NOT SHOWN FOR CLARITY","'99.85780334"
"'1","'LINE","'00","'98.54212952"
"'1","'LINE","'O","'74.38476563"
"'1","'LINE","'F4A","'99.73552704"
"'1","'LINE","'F9","'99.64764404"
"'1","'LINE","'F6A","'99.91131592"
"'1","'LINE","'F3","'99.83318329"
"'1","'LINE","'F7","'99.60778046"
"'1","'LINE","'1/16 SHEET FILL","'99.34217834"
"'1","'LINE","'F5A","'99.89178467"
"'1","'LINE","'F8","'99.71520233"
"'1","'LINE","'HATCH FRAME","'99.48122406"
"'1","'LINE","'F2","'99.06250000"
"'1","'LINE","'F1","'99.41326141"
"'1","'LINE","'1/16 SHEET TYP.","'94.15177917"
"'1","'LINE","'TT.","'36.45866394"
"'1","'LINE","'F11","'99.01207733"
"'1","'LINE","'1/16 SHEET","'98.30038452"
"'1","'LINE","'Il","'43.77102661"
"'1","'LINE","'FUSE SIDES","'99.22871399"
"'1","'LINE","'HS-50","'91.50370789"
"'1","'LINE","'F10A/B","'99.85112762"
"'1","'LINE","'NOTCH FUSE SIDES AT WING","'99.36152649"
"'1","'LINE","'II","'38.22026443"
"'1","'LINE","'F4B","'99.85351563"
"'1","'LINE","'ROOT FOR LE, TE AND SPARS","'95.83850098"
"'1","'LINE","'.025 MUSIC","'90.88199615"
"'1","'LINE","'WIRE TAIL SKID","'98.62497711"
"'1","'LINE","'LAMINATE COWL","'99.28551483"
"'1","'LINE","'H2,2X","'54.13364792"
"'1","'LINE","'FROM 3/8 BALSA.","'84.15869141"
"'1","'LINE","'CARVE AND","'97.30429077"
"'1","'LINE","'OPTIONAL 1/8 SQ. TRUSS","'97.12451935"
"'1","'LINE","'H1","'99.79492188"
"'1","'LINE","'HOLLOW TO SUIT.","'95.67529297"
"'1","'LINE","'FUSELAGE STRUCTURE","'99.78724670"
"'1","'LINE","'H1","'99.71600342"
"'1","'LINE","'F6B","'99.55735779"
"'1","'LINE","'F6B","'99.76483154"
"'1","'LINE","'F5B,2X","'91.73150635"
"'1","'LINE","'DIHEDRAL","'99.25323486"
"'1","'LINE","'H2, 2X","'93.84377289"
"'1","'LINE","'1/16 SHEET FILL TO","'97.70702362"
"'1","'LINE","'1/2 EACH TIP","'98.49555969"
"'1","'LINE","'F5B,2X","'82.35391235"
"'1","'LINE","'HATCH FRAME","'98.49530029"
"'1","'LINE","'ANCHOR STRUT","'99.28352356"
"'1","'LINE","'H2, 2X","'55.87312698"
"'1","'LINE","'1/16 SHEET TYP","'98.70336914"
"'1","'LINE","'F4B","'99.61595154"
"'1","'LINE","'WINGSPAN 32","'99.70952606"
"'1","'LINE","'F6B","'99.68750000"
"'1","'LINE","'LENGTH: 27.5","'99.68062592"
"'1","'LINE","'DADDY-O RACER","'90.92793274"
"'1","'LINE","'1/32 PLY AXLE SUPPORTS, 4X REQ.","'98.63075256"
"'1","'LINE","'WING AREA: 194SQ IN","'98.00915527"
"'1","'LINE","'H1","'99.61834717"
"'1","'LINE","'WEIGHT: 9.1 OZ","'95.75501251"
"'1","'LINE","'BASED ON AN EMBRYO FREE FLIGHT MODEL","'99.36284637"
"'1","'LINE","'SEE WHEEL PANT DETAIL UPPER LEFT","'99.54935455"
"'1","'LINE","'WINGLOADING: 6.75 OZ/SQ FT","'98.39006805"
"'1","'LINE","'SCALE 1:2","'97.65834045"
"'1","'LINE","'BY JASON MCGUIRE","'99.14985657"
"'1","'LINE","'POWER: AXI 2204/54","'99.12388611"
"'1","'LINE","'H2,2X","'62.36507416"
"'1","'LINE","'H1","'97.77523041"
"'1","'LINE","'F5B, 2X","'85.01728821"
"'1","'LINE","'RC ADAPTATION AND CAD","'97.98693848"
"'1","'LINE","'1","'87.32262421"
"'1","'LINE","'2","'97.45117188"
"'1","'LINE","'3","'96.46583557"
"'1","'LINE","'4","'96.60973358"
"'1","'LINE","'5","'97.49023438"
"'1","'LINE","'6","'95.96599579"
"'1","'LINE","'F4B","'99.40110779"
"'1","'LINE","'THIS PLAN MAY BE PHOTOCOPIED AND","'99.90818787"
"'1","'LINE","'DRAWING BY THAVER SYME","'88.68038940"
"'1","'LINE","'DUBRO 1.5 INCH MINI","'98.95024109"
"'1","'LINE","'ENLARGED FOR PERSONAL MODELING USE ONLY","'99.94290161"
"'1","'LINE","'ALL COMMERCIAL RIGHTS RESERVED","'99.91659546"
"'1","'LINE","'2005, MAPLEGATE MEDIA","'99.49710083"
"'1","'LINE","'FEBRUARY 2005","'98.74960327"
"'1","'LINE","'SCALE INCHES","'97.68763733"
"'1","'LINE","'ENLARGE TO 200% FOR ACTUAL SIZE","'99.54021454"
"'1","'LINE","'LITE FOAM WHEELS","'99.29282379"
"'1","'LINE","'FLY RC MAGAZINE","'99.83723450"
"'1","'LINE","'AND THAYER SYME","'99.70138550"
"'1","'LINE","'ALL RIGHTS RESERVED","'99.60910797"
